{"cameraMode":{"drawMode":0,"name":"Shaded","section":"Shading Mode"},"sceneLighting":true,"audioPlay":false,"sceneViewState":{"showFog":true,"showMaterialUpdate":false,"showSkybox":true,"showFlares":true,"showImageEffects":true,"showParticleSystems":true},"in2DMode":false,"pivot":{"x":-183.92117309570313,"y":165.33494567871095,"z":-571.0545043945313},"rotation":{"x":-0.19896192848682404,"y":-0.5030447244644165,"z":0.12023864686489105,"w":-0.8324078917503357},"size":0.2547655701637268,"orthographic":false}