{"cameraMode":{"drawMode":0,"name":"Shaded","section":"Shading Mode"},"sceneLighting":false,"audioPlay":false,"sceneViewState":{"showFog":true,"showMaterialUpdate":false,"showSkybox":true,"showFlares":true,"showImageEffects":true,"showParticleSystems":true},"in2DMode":false,"pivot":{"x":104.50008392333985,"y":0.0,"z":-514.7999877929688},"rotation":{"x":-0.2311428040266037,"y":0.03560679778456688,"z":-0.008463850244879723,"w":-0.9722312092781067},"size":238.36170959472657,"orthographic":false}