{"cameraMode":{"drawMode":0,"name":"Shaded","section":"Shading Mode"},"sceneLighting":true,"audioPlay":false,"sceneViewState":{"showFog":true,"showMaterialUpdate":false,"showSkybox":true,"showFlares":true,"showImageEffects":true,"showParticleSystems":true},"in2DMode":false,"pivot":{"x":-863.2542724609375,"y":30.157699584960939,"z":-901.0012817382813},"rotation":{"x":0.21850977838039399,"y":-0.08505618572235108,"z":0.01912461221218109,"w":0.9719327688217163},"size":372.8631591796875,"orthographic":false}